Receipt Number,First Name,Last Name,Area Code,Phone Number,Address,Method
1682,praise,wenegieme,353,879756734,"14, cherrygove, heronswood, carrigaline, p43yn52"
9252,glory,wenegieme,353,899616470,"14, cherrygrove, heronswood, carrigaline, p43yn52"
7623,Ross,Daly,353,849787278,"1, South Avenue, Matthew Hill, Cork, T12R5DT"
5119,Ross,Daly,353,894108622

7685,Ross,Daly,123,123456789,"2, Bernard Way, West Place, Screw, T24D0RT",D
C
760,Shmoss,Shmaly,353,123456789,,C
4959,Shmoss,Shmaly,321,987654321,"64, Zoo Lane, London, Germany, 1234567",D
